avgCharCount,lang
2280.357575757576,be
2314.0680272108843,ba
2520.079268292683,lt
3757.176684881603,uk
4328.654929577465,hy
5674.745913818722,ru
6295.06993006993,fr
9428.841889117042,en
21420.12532637076,de